18.827323180901292	0.8872117890645234	0.7871447586550723	0.6991009078401658	18.848076699892587	1.3164563236271185	1
19.000443623614064	0.8101882175875903	0.6564049479177565	0.6756877376844584	19.017594138299092	1.2733472499107812	1
20.19567458085032	0.9227166219158816	0.8514059643598559	0.734273632706216	20.21660213043233	1.2869988677986832	1
21.649882630906603	1.104344812080595	1.2195774639693249	0.9118400509622326	21.677842717382518	1.8693648538032335	1
23.321198521647176	1.3060318809457132	1.7057192740465976	1.0447614109441208	23.35749661882236	1.5851142056678107	1
24.09068452271127	1.0207435144326142	1.0419173222562446	0.8357077239375419	24.11215568918663	1.4373397167095412	1
23.266542632876515	1.1664308985719412	1.360561041143346	0.9231722982038927	23.295568177695575	1.5613698362705186	1
22.592202320484795	0.8592943933322504	0.7383868544122404	0.7508235372718179	22.608429179514033	1.513563259217289	1
23.633536416632687	1.5541409258608185	2.415354017435522	1.2407564405447737	23.684241495425244	2.2572487380711124	1
25.496195800964628	1.4025682346324713	1.967197652800047	1.1431044842190483	25.53448811554498	1.8197494830131582	1
27.51958156603672	1.5159926505725225	2.2982337165899027	1.3033325411166015	27.56102831405656	2.334098750216228	1
27.879650744479786	1.418643855506128	2.0125503887652916	1.1703947452924819	27.915480633876708	1.7436133518769132	1
25.969890512174377	1.483149178922871	2.1997314869395863	1.2357966191537284	26.011925723111794	2.67398124815864	1
24.841338252410893	0.6495786636665366	0.4219524402908035	0.5250647091581484	24.849773149763656	0.9026567853985838	1
25.299860709094123	0.8704345396235701	0.7576562877696964	0.662636911001377	25.314730042910117	0.952796860989249	1
25.27486641179554	0.9736036998373703	0.9479041643370162	0.7680442644613948	25.29348645278764	1.35366399408732	1
24.25549017038044	0.9261467020316302	0.8577477136840652	0.71060414464789	24.273047455995602	1.0849894200854848	1
24.403148496942677	0.9262939772837718	0.8580205323521889	0.7527201518684081	24.420605171848326	1.3445003116256835	1
25.09097655875571	0.6612383516788154	0.43723615773091673	0.5393065629784485	25.099629995719887	0.9619848136983506	1
24.4625458165085	1.2097996531146762	1.463615200676391	0.9632929139362316	24.49224378432451	1.6773706889647215	1
22.409002514916907	1.664115408726309	2.7692800935603303	1.4275390759701265	22.470296213886947	2.7163815657808996	1
21.067774240463105	0.5782019634975766	0.33431751059245285	0.4896995153635398	21.075654205132263	0.9147588382372867	1
21.789131620408224	0.9785574134041953	0.9575746113283093	0.8111704845634145	21.810947882933913	1.6925338397015857	1
21.274840340881205	1.457766244426154	2.1250824233883336	1.2426483805438489	21.32439323256863	2.466647707165901	1
19.06090758516132	1.2232867414350654	1.4964304517708205	1.0678514804513	19.099860005215213	1.969871026346727	1
18.94617074755812	1.9565352309737534	3.828030110041518	1.5218493051231485	19.046256742597347	2.5248492877695625	1
23.94871404383006	4.6158728751011475	21.306282399094535	4.136411122929732	24.386577145421143	8.123917976751638	1
26.103438032234962	2.6253659835548384	6.892546547606864	2.1953135264183024	26.234253817099884	5.057048561781219	1
22.549533644040622	2.1227614666607013	4.506116244339491	1.688592430121683	22.648566025978276	2.4665797232049194	1
21.197258631260215	0.805787149073628	0.6492929296122053	0.6700425122923934	21.212466565456666	1.1733083341591666	1
22.797347085076364	1.777629475866108	3.159966553468014	1.4014264678331736	22.866086989846295	2.3074727806148445	1
24.198760268695644	1.1618585565295165	1.3499153053808517	0.9860357995909965	24.226450718415492	1.869705231572599	1
25.48682880634838	1.5788357021041792	2.492722174238797	1.3510170187861628	25.53535875272795	2.7824869338443676	1
24.430470452754754	2.5689388339750914	6.599446732705301	2.3387608167814014	24.564269518226606	5.296000299159974	1
21.214283962206398	1.3238349727412921	1.7525390350529375	0.985969069487863	21.255274627033483	1.330709539441468	1
20.459233504169745	0.5757659734799025	0.3315064562172598	0.4528868688273631	20.4672795454432	0.7902424553643215	1
21.06828300703237	0.8069649917988115	0.651192497988856	0.6598423287638852	21.08362872180873	1.1556351229764559	1
22.665718389977652	1.3330247300493558	1.7769549309231583	1.14632766111035	22.704622848629047	2.0800156985295075	1
24.854832475725196	1.16494877897136	1.3571056576268623	1.0708023461591336	24.881936333069813	2.228311505901363	1
25.66527206153456	0.6279945312447786	0.39437713127334917	0.5110181009709094	25.672902795418057	0.8836689369874264	1
25.13682792546407	0.6798653534920227	0.46221689887883294	0.533177434953228	25.145958991600942	0.9157933653585637	1
24.54978990046671	0.7611142180756783	0.5792948529569512	0.5940808265197924	24.56150681542824	0.9583842846020865	1
25.334636973050117	1.502662064366058	2.257993279684863	1.2290342274725228	25.378864642599584	2.3309244578611334	1
26.146511486982064	0.9613319072705789	0.924159035936489	0.7682319111410977	26.164060482168708	1.383800875315778	1
25.42426240183098	0.7217636199963453	0.5209427231502287	0.6078791313097995	25.43443705783203	1.2333127871967626	1
25.13127660718243	0.6356340984522566	0.40403070711521305	0.538271903146526	25.139260153707443	0.9435765199276425	1
27.113969642288886	2.1254443754633257	4.5175137931886855	1.8880012273073794	27.19659439704778	3.8404478633571593	1
29.281003760538383	1.5088697365537773	2.2766878818878653	1.2417908070101762	29.319595685945913	2.2178712730901644	1
27.192628209417112	2.797343639434061	7.825131437082198	2.436064693412154	27.33517866833425	4.457172380433143	1
23.942091229018367	1.222016538596664	1.493324420603772	0.9394937015022875	23.97304947942803	1.3928331544324095	1
23.002957404167525	0.5182435822663638	0.26857641056027337	0.4114637664210188	23.008755621265184	0.7752239452721774	1
23.351307321190543	0.7691076384727557	0.5915265595571391	0.6548260202452585	23.36388530741082	1.2359315816152474	1
24.35716649830844	0.8419908459746233	0.7089485847050618	0.6728799414837923	24.371618372342976	1.153656999393199	1
25.790934738635706	1.2172244653384885	1.481635399018569	0.9563186987383574	25.81945143728382	1.638576863414297	1
28.27947654063107	1.8133462472611934	3.288224612456253	1.6532318671481998	28.33716811057772	3.2343156191181066	1
30.391018934762815	0.8667650747907335	0.7512816948769858	0.7242090477435252	30.403294312349708	1.2418048107087998	1
31.377944240317156	0.8860852613377642	0.785147090360014	0.6888461525384995	31.390369502840784	1.1239851662905984	1
30.848696281845978	1.308861374898025	1.713118098699948	1.1097098184341485	30.876265311739907	2.125475915176118	1
28.91350300193795	1.2861566339043136	1.6541988869360746	1.0389366480268987	28.94190433847489	1.8348536378034268	1
27.08909229051515	1.7266546114501773	2.9813361472421627	1.369269734069335	27.14369874753576	1.9985806960962584	1
22.492172468815696	4.217740628447325	17.78933600885524	3.7097351832105128	22.88162063321595	8.744418921410897	1
18.337707709250477	1.6262251983959626	2.6446083958979876	1.2357592214636555	18.409196117787516	1.5278536814092263	1
19.248450583388546	1.5347443402160361	2.355440189825156	1.3724379152302975	19.309132220697467	2.7682616093228347	1
20.935783140414813	0.6440110218521243	0.41475019626701737	0.49022888102417805	20.945620088635135	0.8288065980370547	1
21.31932817440354	0.4804825693089418	0.23086349940972203	0.39736968460336314	21.324705817837916	0.6926561715329385	1
22.140295299807512	1.1426794630342467	1.3057163552402342	0.9471403577879477	22.16956669721394	1.662403518293715	1
23.153818087748196	0.903652897459065	0.8165885590861635	0.7267641726003674	23.171327900573466	1.2919010026417048	1
22.76739923130488	0.953821584236266	0.9097756145549801	0.7387504676252747	22.787237177890024	1.0120378305828517	1
21.47763999575622	0.9614064789395383	0.9243024177469209	0.823472888862029	21.49900370224015	1.6122262531397844	1
21.255778814184968	0.7373197939754116	0.5436404785879434	0.5587665696764422	21.26847783002548	0.8014482117163944	1
22.446173099629913	0.9792139215358238	0.9588599041295663	0.8552436019720394	22.46737978321723	1.8094928370658678	1
24.53161080689915	1.5652558656753233	2.4500259250310057	1.3486822025311522	24.581163951286666	2.368095409350186	1
25.88472469147577	1.1182266696346483	1.2504308846821968	0.9805795938421557	25.90870639442038	1.9410577798627529	1
24.83050972129539	1.4511808852589505	2.1059259617409514	1.1540805294206486	24.87259736084421	2.070678941787069	1
23.689645650278965	0.83126769163391	0.6910059751543693	0.6737995440428678	23.704128549778716	1.1934555332622026	1
23.299250039700215	1.0796907005150829	1.1657320087787504	0.9092910510629725	23.32408653890917	1.7665756473377563	1
23.13174980057367	0.8742570209022653	0.764325338596904	0.7382803100829549	23.14815497340294	1.2835367592863491	1
23.352146119361922	0.493513094034241	0.2435551739832496	0.40419668218815674	23.357325614308966	0.6948497917619463	1
23.38282300689758	0.3643008356384826	0.1327150988468967	0.2854441495423128	23.38564179370368	0.4317283281719284	1
23.58094017010848	0.6273872253167256	0.39361473049061985	0.5073521201087089	23.58922910861063	0.9195894424807527	1
23.273513869288713	0.965551789121736	0.9322902574761853	0.7961634095915675	23.29340084257915	1.3703429594393768	1
21.811653269403628	1.235676996411254	1.5268976394599378	1.0284098318115364	21.84639413419408	1.876840071701217	1
20.68488022908497	0.652155217377186	0.42530642755228465	0.5360525318341771	20.695089783399325	0.8953100167116688	1
20.926494323260318	0.6349242977006443	0.40312886381065643	0.5300685121432074	20.93605994449525	0.9656070015717155	1
20.25947635799186	1.3673438436585823	1.8696291867910257	1.1953895583299066	20.305259104287334	2.2329173880317654	1
18.51510412115115	1.0543433628118615	1.1116399267054247	0.8673196859446021	18.54489982747086	1.5360928743059112	1
18.81480587951979	1.3110238775720722	1.7187836075641119	1.0657713432277447	18.860123152678316	1.64463608855241	1
20.360979267297363	1.0973790677541286	1.2042408183449202	0.9618036812699616	20.390333230958632	1.897942839014359	1
20.379758376041135	0.8491132910632156	0.7209933810602052	0.705451268117714	20.39732183950478	1.3305971063640563	1
10.043595763192371	0.5499173719485595	0.3024091159708103	0.4102196017589265	10.058589212210627	0.6399917340452337	0
10.028210713054573	0.6787971172095107	0.4607655263319423	0.5385051095408514	10.051081521242708	0.9002671513353491	0
10.044750723566167	0.5517021196682473	0.30437522884643714	0.3762908733274981	10.059839846803392	0.47282558111345097	0
10.053527738261725	0.6785911083338807	0.4604858923098046	0.37356009788283856	10.076327253683923	0.4296154868151465	0
10.076066624248202	0.7788435775711475	0.606597318323824	0.4958859670033688	10.106022989343016	0.615917079478276	0
10.140904018518478	1.0507988443242733	1.1041782112332283	0.7545459376151048	10.195019957312489	0.999343607908104	0
10.223775752967068	1.4501946196163698	2.103064434764267	1.1553164972492083	10.325774616047202	2.151083123849716	0
10.079249323545895	1.655131435076669	2.739460067378954	1.3266979985359857	10.213795856455235	2.256739043290805	0
9.84268652549521	1.2936919649981984	1.6736389003008996	0.7419879679183422	9.927059961788784	0.5072770869182435	0
9.841241851173383	0.37558688387648925	0.14106550734005144	0.09327783951971753	9.848382348874967	0.058270072499221115	0
9.88137856141417	0.03172566390581679	0.0010065177502648463	0.02557472581628744	9.881429321543859	0.04124101586929463	0
9.881044339924621	0.031948104506656375	0.0010206813815682371	0.025153587298286578	9.881095816085717	0.045786007896211345	0
9.882908925650774	0.029898333175489757	8.939103266725915E-4	0.022740220888422324	9.88295399985922	0.03862050138252293	0
9.882475651576797	0.029691828404674738	8.816046740126496E-4	0.023369968090403995	9.882520107239856	0.03965864570659683	0
9.879279795385624	0.029847803036137068	8.908913460840333E-4	0.024064283740002867	9.879324733365685	0.046206196198467	0
9.88135108965219	0.028491969698042973	8.117923372741989E-4	0.02279486365044907	9.881392029634954	0.04036602146137902	0
9.88222678607232	0.02826751035918193	7.990521419064577E-4	0.02238042787562735	9.882267079977149	0.03990137833717888	0
9.88178925247472	0.028923396445882318	8.36562861965678E-4	0.02277346959073138	9.881831439329336	0.039055028034521655	0
9.881530200558363	0.03171717635760861	0.0010059792760996466	0.025065631646457465	9.881580931614824	0.039378910036919734	0
9.882024146565756	0.0315835951335797	9.975234815618793E-4	0.024796227900074047	9.882074448687177	0.03897776412188492	0
9.883659827880898	0.029964975095297285	8.978997324617865E-4	0.023764113226660548	9.883705099809486	0.03949845653995254	0
33.69776437194772	3.5955459861533354	12.927950938543361	3.3943444214035634	33.887771957835504	6.861433657826911	1
39.8633783703959	3.596441008724444	12.934387929234896	3.1070725970891107	40.02420634788054	5.979246472498183	1
42.60654812703561	3.308200552992601	10.944190898820551	2.8213509761019857	42.733934676408666	5.375660800617624	1
40.6186012438724	3.9544932401117685	15.638016786089674	3.378281714387907	40.809368168957995	7.370484286268109	1
39.39701256945901	2.7813868188811037	7.7361126362455455	2.4296310052830696	39.49441907346042	5.134546191724148	1
40.12751902501726	2.301994774333212	5.299179941057416	1.9523182997633697	40.19305456391571	3.760562076980584	1
39.12216428498129	3.084115283614459	9.511767082624296	2.720755461156758	39.24273300425366	5.568177512953149	1
40.24827147101305	3.4718794447689776	12.053946879009343	3.0298964724491877	40.396744220760056	6.76636760752676	1
42.29485131153195	2.1809004650646764	4.756326838519321	1.8903125844122068	42.35066782776307	3.1765591833933584	1
42.126613771570334	1.869338237999801	3.4944254480482004	1.5004456656148686	42.167792414797496	2.452485738468674	1
42.46677127936897	1.507280215601901	2.2718936483449133	1.2227303442115562	42.493333719360336	1.972856258424919	1
42.3572072228623	2.205876334253977	4.865890402021762	1.814613347854485	42.41422467584634	3.164039613212914	1
42.773724114358494	2.1853591035400552	4.7757944114253945	1.6451552961250806	42.82914230279739	2.1182780358337823	1
45.438851936646294	1.9556097603206477	3.824409534661381	1.7240652308310431	45.480635206553146	3.595280032676314	1
46.35835014578734	1.5230669084685886	2.319732807672064	1.1138553016933657	46.38319626935717	1.7479107668231109	1
45.060811277598766	1.5455755662245587	2.388803830910365	1.1815530908818035	45.087133325012026	1.8348092032067669	1
44.266333866696144	1.303368046655494	1.698768265042558	0.975270570851906	44.285389883584486	1.4471913404668797	1
44.56605301263475	1.6638159987685097	2.7682836777580535	1.3726363623291662	44.59689349694897	2.559955546995212	1
44.6399293689372	1.6847083213111609	2.8382421278950694	1.4440987781644306	44.67149666820457	2.9497301465563837	1
41.29137201762672	3.286003762607082	10.797820727867899	2.970489019665852	41.421048252722855	5.965663772670183	1
39.78905878673245	2.89143631178741	8.36040394512278	2.3544454728671904	39.893280976285624	4.116994999992116	1
46.37629625351313	5.972723128770906	35.67342157295492	5.2669976105743945	46.756779753914685	12.703141811828132	1
53.020251096691084	3.362810824738354	11.308496642977449	2.7398177933154515	53.126077711624156	5.4557632946288095	1
48.03755854422426	7.273399629562228	52.90234217131595	6.39583449093515	48.58144389352737	15.400850231562046	1
39.74549670191206	3.3275559330279676	11.072628487429627	2.618328162159574	39.883622190642136	4.547116262227085	1
35.67759571567652	3.1475938313446647	9.907346927118985	2.3400491917582213	35.81525002005241	3.019531809873669	1
28.491748569441352	5.589444763431207	31.24189276344855	5.152521856486349	29.031247820626355	11.469200801256903	1
30.38284407056884	7.847753639281851	61.58723718286154	7.014694797202361	31.373458040486113	14.093631477085403	1
40.41594894942152	4.630410446495076	21.440700903010733	3.871069995791112	40.678577806742915	6.796775401231137	1
40.822464731914444	3.060597919430032	9.367259624419441	2.706359068610201	40.93627288866589	5.8915785161071454	1
33.756664910213814	5.334231441754011	28.45402507419708	4.500952158472339	34.17274875444121	7.756994167840347	1
10.092448296181434	1.5431675080126301	2.3813659577859108	1.0758489138234504	10.209351620043433	1.4142192703309107	1
10.224900523037027	2.078590362959258	4.320537896987099	1.569751786292432	10.43334686522019	2.402710028332475	1
10.30997768806041	2.176416844871095	4.736790282638651	1.7710587474221282	10.536443465894932	3.1520855860370993	1
10.211102871796069	2.0583692512005767	4.236883974288022	1.7263883728608354	10.415821410343682	3.196984686310879	1
10.072419675754961	1.9999967372771104	3.999986949119087	1.6446948331813889	10.268407972936105	2.9476442884753915	1
10.199433240315154	1.9850918954350605	3.940589833321961	1.6189891067819493	10.390180413580696	2.7573001917759132	1
10.345817228755868	1.9413757101614697	3.768939648004951	1.6099886374524606	10.525792637453323	2.811968602805379	1
10.17212539077178	2.01434420336948	4.057582569648224	1.674736271783578	10.369001507377654	2.88505822755514	1
10.188478038796685	2.0973520547975615	4.398885641763554	1.7320508503304999	10.40140891594339	2.9856813676103506	1
10.335694086593938	1.9636496253620197	3.8559198511844004	1.6127752087905036	10.519963832479018	2.859474155984312	1
10.260885956050261	1.873209687151258	3.5089145320373136	1.5376165520636818	10.429908856425033	2.688281988184766	1
10.131765641698367	1.9360396089814706	3.7482493675451254	1.5892484479053761	10.314474704742965	2.7420645315640773	1
10.126825519523976	2.1541466973639096	4.640347993763839	1.7908085587695879	10.352655469491872	3.181711029230053	1
10.22628330570091	2.198598832049747	4.833836824290512	1.8251581638453422	10.459187075644714	3.4409171542506556	1
10.244317218855011	1.9014317751251462	3.6154427954555644	1.5515094735121029	10.418705610583304	2.980124754623816	1
10.059766606232081	1.785051129029283	3.1864075332487176	1.46245659407692	10.216393216133895	2.6076494430883432	1
10.085889484041674	1.7756356341834854	3.1528819053821886	1.4765094727223456	10.24048529042122	2.6903273851592022	1
10.117524903958437	1.4602443527299722	2.1323135696797757	1.160496298547898	10.222011350023047	1.8180706515901672	1
10.120310813333166	2.1804256022097652	4.754255806771817	1.6600552005303586	10.35176536848412	2.6069215714942526	1
10.224573728552462	2.4276655810275503	5.893560173305833	1.8128538929078097	10.507893361817741	2.5326903614268055	1
10.26412672281533	2.1758882216115603	4.734489552947918	1.664899532260429	10.491470465179756	2.4900831445994545	1
10.08475171891178	2.459548854116293	6.04938056578477	1.9499425379689037	10.37937212724608	3.2460762661108546	1
10.234724270956816	2.7545719242331255	7.587666485773383	2.1964894872316414	10.59773349196264	3.591102350883842	1
10.217839194742501	2.6695778843578903	7.126646080652749	2.0559697655178155	10.559693575257443	3.2789016229865915	1
10.295746372270788	2.5870152312396266	6.692647806665818	2.0875840411472835	10.614744766525087	3.5218220426591174	1
10.181335481715502	2.279233391908375	5.194904854790156	1.8999866659029498	10.432508721583398	3.5297090828223023	1
10.077228806982593	2.2893515778401645	5.241130646959251	1.873773151346326	10.333163053057039	3.311768279324234	1
10.339504249819917	2.411261515787058	5.8141820975157	2.003321968526696	10.616035701238324	3.551585991444181	1
10.156113483915426	2.1717993756723284	4.716712528170716	1.7969373754323814	10.38497392799086	3.194953118512304	1
10.197828503292317	2.237781153077528	5.007664489068992	1.7728373860093356	10.43966850319811	2.9630521324518693	1
10.253360916235227	2.3624247108619767	5.581050514491293	1.866250525827481	10.521117758917534	3.159413876119478	1
10.069463375619298	2.6643982237680794	7.099017894818496	2.1176464252303187	10.414870416414104	3.3226715982660586	1
10.240232635293161	2.7833466264154874	7.747018442778475	2.230519933031844	10.610535948151885	3.4777244023471034	1
10.326605119285878	2.474665655263317	6.123970105339822	1.9307499517669513	10.618015911159306	2.9826832768820246	1
10.139887754051825	2.379149939933471	5.660354436685439	1.8613221575318968	10.414355969205841	2.946336158033633	1
10.27180812450092	2.6828062324812754	7.197449281040375	2.1058129039185713	10.615248462942352	3.580376501070692	1
10.31585588874465	2.9673250588833913	8.80501800507732	2.330145484491651	10.732774687920745	3.7338534662608858	1
10.076787496956085	2.96331300931239	8.78122399116005	2.34579892707857	10.502075961605557	3.688452749411841	1
10.206133549859643	2.74528174370212	7.536571852304154	2.2221922878657088	10.56771950068617	3.79860634668899	1
10.28051728409946	2.4235485035865696	5.8735873492367014	2.0173921711910703	10.561397132892559	3.6513276776578714	1
10.143027267916144	2.300962628052705	5.2944290156952105	1.8920017990827445	10.39989341660128	3.328095983982182	1
10.30731448770314	2.5744782219515177	6.627938115302647	2.0774087898999953	10.622926947723338	3.7566767266275605	1
10.349757979154507	2.4518681069013	6.011657213639764	1.9275558982806127	10.635276610569813	3.129403131301542	1
10.125966163387899	2.2139888302943325	4.901746540668067	1.7261164325254463	10.364388234797328	2.6012877687032514	1
10.174914770734294	2.489570450321271	6.197961027112857	1.9861526730323167	10.47406905897483	3.3664320937967034	1
10.34082613250167	2.4914506749259915	6.207326465589179	2.055906211106428	10.635756695223897	3.8773899518638633	1
10.122220339217835	2.3922355676287856	5.722791011028219	2.027115156267775	10.400147096876404	3.775855253721204	1
10.159187967736303	2.4686294464773995	6.094131344015311	1.999340228946051	10.453847030479578	3.4472259526886457	1
10.26122159635682	2.4738066866223316	6.119719522777358	1.9754922503783743	10.55423710568145	3.590018304145998	1
10.050244550875206	2.382109993863351	5.674448022863655	1.910275913168824	10.327772531781836	3.2242463756305852	1
10.17800698290604	2.3165572691359286	5.366437581186511	1.8598686326925054	10.437450627428136	3.347405074062493	1
10.181739024126765	1.817992027286815	3.3050950112784236	1.439356942533356	10.342238035518879	2.4555960520588904	1
10.042295558080868	0.43485195360543816	0.18909622155446612	0.34064864077356716	10.051674784664826	0.5548852574789471	0
10.098353632227028	0.6653579757847048	0.4427012359403198	0.43574417668705073	10.120176463217756	0.6151891418794975	0
10.074332865647095	0.9158420228650807	0.838766610845603	0.6593024951697706	10.115737907340225	0.9183543965956886	0
9.964662200071961	0.7370140007135852	0.5431896372478446	0.5299925793677577	9.991790218307562	0.778443290761146	0
10.260376093053228	1.5619272084351226	2.4396166044499346	1.1751557027323891	10.37818876875922	1.554315218392322	1
10.329262027711865	2.021079158788706	4.084760966090063	1.6857258766865644	10.524485694480912	2.976495320068718	1
10.157870738646894	2.1515723682446435	4.6292636557938645	1.778385494283658	10.382493473149886	3.248796457323861	1
10.15846361255484	2.56460427995728	6.577195112775199	2.154257137260864	10.476146910800107	4.10826638894445	1
10.362826125654745	2.65430943146688	7.0453585579740325	2.309583982978609	10.69626286793663	4.454924035326274	1
10.141875699415511	2.2425256658833654	5.028921362145632	1.8853355789408162	10.3860387536988	3.6621827896814185	1
10.108122530582266	1.9212674189326178	3.6912684950520034	1.6043208789842907	10.288493833404383	3.106991776951027	1
10.165846082885713	1.734335916900972	3.0079210726527355	1.493762795139433	10.312241330089206	3.0036917113507844	1
10.002275184234648	1.4910326298199144	2.22317830318769	1.2688976677802055	10.112431783206253	2.4660183368722883	1
10.031979788880886	1.3596215992158134	1.848570893054166	1.069006432077998	10.123389099813402	1.7186316596845561	1
22.884022418527273	3.0967937810463675	9.590131722327458	2.5471714426938767	23.09122516373923	4.4319705235338205	1
17.385073380750626	7.418321984669936	55.031501068237304	6.935668005124562	18.891940102819845	14.545429409594275	1
12.833149402136483	3.0159723326869794	9.09608911153334	2.8020626954455765	13.180484516701663	5.709520038702751	1
52.66138931650339	2.9672347192693773	8.80448187923762	2.547330628697037	52.74436187951954	5.218706883820488	1
47.35393680612893	3.4574920653440064	11.954251381916764	2.8892089847300118	47.47915213450591	5.513736603568951	1
39.09818905386576	7.0010739310419225	49.0150361879148	5.916194609002904	39.71594964962847	11.573318214994636	1
34.758410680930666	4.410999379324599	19.456915524401992	3.489497466629533	35.035329537746236	5.046994889293892	1
35.75818133979531	1.4801759296390056	2.1909207826826944	1.1427148812611527	35.78859940503145	1.590654830919867	1
34.65499260021292	2.028272670653861	4.1138900265213465	1.8155362108250854	34.713901771679645	3.781113079929071	1
37.10721103663568	3.8218702336330352	14.60669208273023	3.520182312363516	37.302204024064444	8.039655100046247	1
40.43996881152983	1.0740179400733099	1.153514535599316	0.8712530648207227	40.454133310654434	1.5081146841528863	1
40.201618593287144	0.829295455528114	0.6877309525595822	0.6357631820560157	40.21011419530754	1.0455461555247396	1
41.972438354069354	2.1229717843212894	4.507009197024319	1.8321908848782371	42.02573668426521	3.4847327242489285	1
48.19898804544344	6.087981317027834	37.063516516479964	5.065678732108921	48.579407931871394	7.199459873521903	1
55.17177129785205	4.86312713953814	23.650005575312413	4.149661337606619	55.38426389340178	7.666425488852916	1
57.836598268839545	0.7615508651237485	0.5799597201707297	0.6489612526192142	57.84157840717324	1.2370979691146076	1
30.433630300012474	0.7937998027554433	0.6301181268545806	0.628080678504965	30.443911880328052	1.0596761319273682	0
31.098349169451645	0.8820975841706611	0.7780961479997165	0.6651204794322623	31.110773534347885	0.8244400037212039	0
31.64345241398958	0.4634321420425615	0.21476935027815688	0.37122548379428205	31.646823193348062	0.6412958217491074	0
31.531141320666137	0.4921137375275691	0.2421759306633532	0.397027393575334	31.534955754024434	0.6643202156284715	0
43.364719610761156	0.44654791549127903	0.1994050408296065	0.35292120342340966	43.36700338499104	0.6006371874622758	1
43.19580538614251	0.48455556034148217	0.23479409105784776	0.38535964464510813	43.19850497129056	0.6747320467608375	1
44.620743632164306	1.937629853094808	3.754409447604207	1.6805017188356357	44.6625138381016	3.279763962814556	1
46.59925753234533	1.2602259580016104	1.5881694652210767	1.0989646790802121	46.61618157072315	2.397029689095014	1
44.995628553499344	2.1504118723991636	4.624271220955277	1.9514040131983863	45.046642845728634	4.358077482620516	1
42.32681190429832	0.9887426019238648	0.9776119328591741	0.7859289371035102	42.338281737711355	1.2109249834284128	1
40.985717476626384	0.7580341447140353	0.574615764552339	0.6508596744139667	40.992680103484645	1.2580071142466878	1
40.43096824901111	0.4521786728322896	0.20446555216437076	0.35952453644113513	40.43347988982679	0.5960364365745576	1
41.440661268419774	1.1574758271854309	1.3397502905185972	1.0288321799570104	41.45671507712379	2.091454770596606	1
42.992465724938825	0.835147832945963	0.697471902874338	0.6519492878800108	43.00052245264269	1.055843026810031	1
44.113940255436326	0.7234438421655441	0.5233709927672447	0.5937285363242524	44.11983235137029	0.9532611133671907	1
44.84483910376054	0.5441123243559562	0.2960582215160413	0.4388772511180031	44.84811789520503	0.7632976817287442	1
44.815009755679654	0.43925932093953873	0.1929487510322647	0.3488958981141107	44.81714807780261	0.6255588690307476	1
43.99666779855165	0.7187130842167184	0.5165484974243079	0.6155810585751035	44.00249859061285	1.1711716291462935	1
42.928622566033376	0.7528953757449509	0.5668514468181308	0.6300197008764792	42.93518030536407	1.117055496355718	1
41.22673942544862	1.37890221966562	1.901371331398774	1.2229265360271622	41.249639261166415	2.5519479262078164	1
39.885100418500684	0.518757188742777	0.2691090208723091	0.41474581518596576	39.888451340640145	0.7737426125828151	1
39.776718742495255	0.46143083394661893	0.2129184145166722	0.38285448957601964	39.77937723089685	0.6271003307118903	1
39.91680241529363	0.5334613071090444	0.2845809661824901	0.4509536866942602	39.920343170134856	0.8437913086897169	1
40.41577248974816	0.6882817553223237	0.4737317747095791	0.5111734126882976	40.421593727931636	0.7989493690086533	1
41.761467571159216	1.157065220995843	1.3387999256381589	1.006281654415272	41.777386805421216	2.1566086118619268	1
43.55615240490992	1.0266490763074934	1.0540083258830295	0.8823928236106743	43.568169503933156	1.646579648602824	1
44.59460925095136	0.5640603626511042	0.3181640927140951	0.4553994225178679	44.598152621423665	0.7658653222324503	1
44.083342114964154	1.0124567445928876	1.0250686596716274	0.8545193619963699	44.0948895779724	1.6445355259641374	1
42.58250747412688	1.0372753717684895	1.0759401968774582	0.8495685716747507	42.59505499522573	1.495182010895924	1
41.32180949377274	0.7413934133234179	0.5496641933193483	0.5958501352645894	41.328415643537696	0.9495352645459292	1
39.46611830483321	1.6083825091982553	2.5868942958948757	1.3727124559933623	39.498660007461176	2.8050921151696144	1
37.683779654024285	0.8744174212176659	0.7646058265289528	0.729781549099465	37.69385569913759	1.2435340919361977	1
37.83165317743637	0.7612947875403799	0.5795697535361523	0.6566803564612684	37.83926119909069	1.2973386028139657	1
39.262042850923514	1.0815717029642369	1.1697973486529596	0.8798156340922237	39.276838054092586	1.5261335243828853	1
41.90859606430489	2.044532443902338	4.180112914169266	1.7867013271850343	41.958106124750344	4.0719770049616955	1
43.17483889194525	1.3194538311749904	1.7409584126023598	1.1394193569795783	43.194861562095696	2.3439761904220475	1
41.504123135959574	1.4799180705994117	2.1901574956866856	1.274421042177471	41.53032378552581	2.5147838698693263	1
40.638783191092095	0.47472275289576754	0.22536169211693596	0.39643820312982936	40.64153735445333	0.7431677440901368	1
41.02399885650349	0.31612153208468663	0.09993282304756956	0.2518783618380938	41.02520869883085	0.4530038958912357	1
41.266179939909	0.4927785909029381	0.24283073965228522	0.3956932359010198	41.26910247026222	0.6809348964465727	1
40.74967510579464	0.8507596358215118	0.7237919579431513	0.747162166658455	40.75849589847548	1.499256106403557	1
39.887789763319006	0.4610197472544476	0.21253920735855475	0.36020381706228055	39.89043612799999	0.5897328964107516	1
40.110399426721436	0.7362837168398251	0.5421137116834677	0.6104730628779989	40.11711158335564	1.116088759269175	1
40.939930408758634	0.7203589917502059	0.5189170769953731	0.5752691568285068	40.94622521678665	0.8503485941770776	1
41.215300993691585	0.4203669681814676	0.17670838793807903	0.3319144229353446	41.21743037032529	0.5619786510340248	1
40.08318555749952	1.142830687692298	1.3060619807312506	1.0005108172054875	40.099365572759346	1.9555135320059236	1
38.462125808078966	0.8355911132569827	0.6982125085540436	0.7132920195486266	38.471140864744186	1.343619641042217	1
37.86850872439397	0.40445200468581605	0.16358142409437534	0.32364926775928066	37.87065412546724	0.5806562797067443	1
38.35670068797084	0.6413142447065587	0.4112839604635439	0.5062706256612313	38.362025881514356	0.8269947023537796	1
38.9515006220882	0.4520869738131642	0.2043826318915446	0.3755884321991154	38.95410659729663	0.7025614525756865	1
39.41871472314766	0.6103246467560933	0.37249617443795013	0.47792615245701275	39.42340780921286	0.801098102434878	1
39.233943211176076	0.7854389521829486	0.6169143476062482	0.6338565155403657	39.241752018520764	1.237998111726192	1
38.40928835739486	0.5825239672963325	0.33933417247465864	0.4744968889806024	38.41367600303525	0.7991039888965474	1
38.524613761461666	0.7389010564798048	0.5459747712669716	0.5821938231059426	38.5316519294107	0.9055568867356669	1
38.2373463155202	1.5343100169045487	2.3541072279736364	1.3563401369839403	38.267911707236046	2.8050432407632186	1
40.48692323332186	1.3433898308376393	1.804696237597981	1.0670526107401652	40.50905599776727	1.8774149618917022	1
42.53223179573567	1.2270478478172853	1.5056464208330318	1.0695599258172586	42.54981022641837	2.094814170081797	1
43.92570123878589	0.6150145537166336	0.37824290128327	0.4847033113048502	43.92997781243484	0.7998174989894196	1
44.074120645693384	0.5337380236208377	0.2848762778586779	0.4259546166828727	44.07733076983914	0.6996191650626571	1
43.74686735545472	0.421068467923962	0.17729865467983263	0.32670653060535654	43.74888021514835	0.5693479866479976	1
43.710345392541385	0.3878425303305365	0.15042182833319315	0.30897185525790033	43.71205455422346	0.5446121449750763	1
44.064796238320284	0.510069449996384	0.26017084381961375	0.43159918696153415	44.06772859923929	0.7839597562941734	1
43.5307714087681	1.0402025631624976	1.0820213724098298	0.8859065566848595	43.54311503945274	1.6708901327308467	1
41.77953728009051	1.122882300467256	1.2608646607026368	0.970617090002288	41.794523495725734	1.904382564850799	1
41.23090821546983	0.5556223061635238	0.3087161471064726	0.48188074784467666	41.23462683609441	0.9419806742699492	1
41.61174035106462	0.3637894889381842	0.13234279226190523	0.2809476002180951	41.613319929457674	0.422234094311122	1
41.67543616887939	0.40101032572540496	0.16080928133839537	0.3187417924255269	41.677352568101114	0.4948453584647794	1
41.876109889520485	0.4898914996463921	0.239993681425791	0.38881507531035536	41.87895633607042	0.6416249750691208	1
41.452464007988304	0.8314898547992586	0.6913753786340923	0.6722336843721386	41.460746960746	1.171073619950569	1
40.81463779134458	0.5872986983023313	0.3449197610276127	0.4785499007504679	40.818834847832285	0.8696370794687738	1
41.355946486802374	0.8426768572608707	0.7101042857630578	0.6897121304887606	41.36447364679568	1.2620253757142237	1
40.26130468280975	1.9501722928593852	3.8031719718364316	1.7480448926495789	40.30819361189562	3.6095734122227086	1
38.12832520118414	0.9989275122242992	0.9978561746786274	0.7713350949270421	38.141321246745434	1.1049895222191566	1
38.252147569528	0.8406992162309828	0.7067751721713887	0.6951370707073969	38.26132325232149	1.0969674646872392	1
39.368064926349824	0.824967592706632	0.6805715290161755	0.6659818595678206	39.376650066134175	1.2940626682266938	1
39.73168599894781	0.5234680181527323	0.2740187660287492	0.40400067915286225	39.73511122789567	0.6481961408979657	1
39.71096187155704	0.538366293750512	0.28983826624666265	0.4136945756044144	39.71458672547651	0.6110392421129589	1
39.561572412915694	0.5502614967045595	0.30278771475554195	0.4371697370083766	39.565373509071826	0.7407948526224146	1
39.22692080687354	0.4019003008181437	0.16152385179771442	0.314243285622086	39.2289658672625	0.5022880677649653	1
40.12913539442473	1.133817265087368	1.2855415906101988	1.0017831303448448	40.14504301675875	1.9996676778888087	1
41.30113368360532	0.7333809997810389	0.5378476908398361	0.5751332005797798	41.307601063128885	0.923716872082899	1
41.462778244676976	0.4737585136225803	0.22444712922987664	0.370436877756261	41.46546672331439	0.627197870728601	1
41.36130516187944	0.384588261510211	0.14790813089144647	0.3041328828956783	41.36308120499247	0.4932077208713679	1
41.627379658417254	0.4839893077051438	0.2342456499729044	0.3844418747609816	41.630174407973804	0.6393450066484121	1
42.02313885951561	0.46696671865866113	0.21805791633483718	0.3788352979270156	42.025715982039195	0.694760560707401	1
41.77567764936219	0.5606570160755142	0.31433628967469945	0.4471132298599332	41.77941459352715	0.7774277976334574	1
40.79888012302422	0.7742864675349199	0.5995195338077046	0.6534758431895873	40.80617774344732	1.2337607202617136	1
39.17854867245878	1.161318130700186	1.3486598006929746	1.0140706369390717	39.19564191100302	2.125317915123162	1
37.520954466235956	0.8279021173738639	0.6854219159521271	0.7103656196602285	37.53002633217654	1.3134135454021916	1
37.54319079700661	0.8392572445027878	0.7043527224504121	0.7392390598467344	37.552507669369774	1.4709699834482493	1
46.733648562292046	8.103255170357636	65.66274435592777	7.20273345783745	47.42635238631271	14.28470627069116	1
39.54010498397791	1.7603320046664834	3.0987687666531203	1.501697488520717	39.57900974572511	3.1594157174514024	1
38.69157413796872	1.7728055689906748	3.1428395854443503	1.5841617734092504	38.73189637231142	2.968028214952497	1
34.791116818846554	4.73884552882639	22.45665694607787	3.7259204778988244	35.110237188068076	3.733513357655653	1
33.077943874396325	4.8671528064096465	23.689176440941296	4.253071160861179	33.43174568513757	8.811128521090005	1
32.37664211671175	4.041575282493589	16.33433076406314	3.424229815374092	32.62625307906608	6.503951677903949	1
25.71750569175068	2.1836948952508095	4.768523395544444	1.7263696151035697	25.809433008975663	2.627412947541906	1
22.87539732507423	2.1502629388012537	4.623630705982204	1.8756236568387465	22.97556548338449	3.8026176941551775	1
21.107188466454655	1.2219398747736614	1.4931370575618714	0.9643127495201949	21.142293815216636	1.5550588238583458	1
20.288183555818552	1.3909572532382168	1.934762080336005	1.1075459612891088	20.335492510904512	1.767784514057361	1
20.168817208421327	0.8917998627596085	0.7953069952180567	0.719409042346627	20.188392519844058	1.404527336794036	1
21.528220830770742	1.0451785645894471	1.092398231877257	0.880836117059716	21.553408262161916	1.7419501159048174	1
23.66936930725285	1.5628130164202105	2.442384524292437	1.344386531248418	23.720563765726993	2.805904499515396	1
24.858681149630854	0.8321778626070775	0.692519995013284	0.6602825236116338	24.872513578125933	1.1175368109358637	1
23.988847967833195	0.9386227421837624	0.8810126521445657	0.776327392070181	24.007081581447554	1.468308516520004	1
23.19060205224581	0.5994534275504612	0.35934441180199594	0.487318059252156	23.198296754891675	0.8732653966500514	1
23.698502374981047	0.8411011887414934	0.7074512097023534	0.650273860961089	23.71332430692262	1.1030044204490785	1
23.914676680191405	0.7769272363156635	0.6036159305290948	0.6261009297146026	23.927209459993783	1.0248962652576914	1
23.285466656566115	0.9182630197743	0.8432069734850166	0.7707502174974062	23.303444874260844	1.3012286528710781	1
23.27713511161855	1.058248522213782	1.1198899347676534	0.8888924338805748	23.301018068024707	1.5569043951173036	1
25.470121342122784	2.4971215031431724	6.235615801460018	2.1107308381272207	25.591426810787798	3.886232026210102	1
27.220965914794355	1.7202030689289667	2.9590985983526354	1.4572147920716099	27.27490342070453	3.0645121349406566	1
25.673521255719823	1.772276235745704	3.140963055788962	1.4938317952628544	25.73421296581617	2.996830126360507	1
23.209297681700498	1.3957031056489067	1.9479871591180034	1.1435881834155674	23.250946205603018	2.0891265595247788	1
21.5520870160241	1.0624531247098468	1.128806642205717	0.8843891328541198	21.578084623313202	1.5847917908550535	1
21.804939184706036	1.1450331166891075	1.311100838314771	0.958270265784826	21.834782641803148	1.895276659352163	1
23.412131507565064	1.0496344484316362	1.1017324753343851	0.8735822668845227	23.435492086143327	1.4451524182813102	1
24.61659475476106	0.8401331172488611	0.7058236546982886	0.6902619370744416	24.63083140057998	1.1600327238690298	1
26.25131597565218	1.4422789520479242	2.0801685755204584	1.2324239409683495	26.290642655487684	2.628511236663911	1
27.59821126722654	0.5928169546552404	0.3514319417267133	0.4677993921372348	27.60453502982047	0.7781694124652887	1
27.335845712163035	0.9030080152473607	0.8154234756009776	0.6293486675955949	27.35065717891033	0.8387997694371201	1
25.12272576382538	2.0719145134834123	4.292829751183206	1.9023889175187008	25.207450499615206	3.8094698999955305	1
9.885598736097137	0.033249571244890724	0.001105533987969064	0.026690338425209088	9.885654465942052	0.04837571869728485	0
9.885900511040893	0.032514150488180585	0.001057169981968054	0.025448732307106533	9.885953800645387	0.045924889287281445	0
9.887551997363422	0.030253256020170583	9.152594998219876E-4	0.024439416990696024	9.887598125884605	0.0459067188511888	0
9.89083052193022	0.03130668548050998	9.801085557755744E-4	0.025269852593435373	9.89087990242259	0.04673818471500546	0
9.88432619033709	0.15851254558122957	0.025126227106641384	0.045809355421681935	9.885592886114623	0.04118069498020027	0
9.88692236802599	0.18637759339146107	0.03473660731839279	0.053796598109163214	9.888673052032816	0.04518311857107804	0
9.890829267325858	0.10326187417972262	0.010663014659108863	0.0348396352289274	9.891366491373512	0.04452911790975911	0
9.884618108796332	0.036847783099801905	0.0013577591193700467	0.028357061671382914	9.88468656002809	0.04537889291873043	0
9.883559944660632	0.04507835347394193	0.0020320579519216525	0.033782506233863786	9.883662400217421	0.05466740182885843	0
9.883981816469301	0.039879060953791026	0.0015903395025561801	0.02885425209947241	9.884061998321673	0.04088340273921354	0
9.930833888750673	1.304957726628722	1.7029146682880025	0.5165315966248768	10.015923266001586	0.05810645987706664	0
10.040716392417574	1.3726699492846965	1.8842227896692514	0.7607819424545333	10.1338012473109	0.7093392808548895	0
10.169633878975713	0.5547224268275892	0.30771697082549004	0.4437195646239716	10.18470149194369	0.7283555503679384	0
10.134131020675285	0.6031274643453953	0.36376273824770616	0.47035107838278645	10.152002843774229	0.7504776289795796	0
10.073114366691062	0.5642611749303701	0.31839067353380174	0.4310095734854701	10.088853198764504	0.7307321903932351	0
10.119871236626556	0.9086471497962382	0.8256396428328272	0.5571744426649171	10.160445998375566	0.7358454115262791	0
10.10080355157619	0.8873505207841105	0.787390946735832	0.5264365845902721	10.139575430940516	0.6819683340711205	0
10.07746000646376	0.3262879827919746	0.10646384771445591	0.2716069733973381	10.082723241426926	0.5358562003665224	0
10.03403280318936	0.40144655390059647	0.16115933563866452	0.2982215400941459	10.042033480990458	0.5078919130972679	0
10.078296691977952	0.6020763058448532	0.3624958780597851	0.3882241415872399	10.096204820129195	0.4808031281670484	0
10.11221859171858	0.7197086064710612	0.5179804782285168	0.49379078841158597	10.137712696823348	0.6099022308670179	0
10.069539049166055	0.7684663356430813	0.590540509016705	0.5501304892080427	10.098722132197386	0.7564543955694258	0
10.14904741931347	1.746297814630868	3.0495560573845455	1.3104934691002934	10.297696557483139	2.041002221018868	1
10.104832565904386	2.1665142190618956	4.693783861397375	1.76220670249918	10.333717954955766	3.207552499240389	1
10.179086728704764	2.0806884818890983	4.329264558665961	1.6900538510456862	10.388868660421032	3.0577374864081026	1
10.124931563438453	2.2495090469244743	5.060290952195056	1.848145795789309	10.371001035579933	3.2263137889233615	1
10.048664158277504	2.5066534263029325	6.283311399596232	1.9905145727497233	10.355582454731568	3.215194311167897	1
10.185278654526314	2.506008043100178	6.280076312082785	1.9477809801760486	10.488046221366883	2.950241686282183	1
10.157732149046069	2.4607615820000586	6.05534756344743	2.001429297946151	10.450583021216248	3.3059135693660604	1
10.002684966033142	2.049402351162662	4.200049996951047	1.5386106257625087	10.209787282798795	2.478707874578376	1
10.038571150006335	1.2036323187708882	1.4487307587897849	0.7576697883319462	10.110233053199122	0.9873207949228693	1
10.010739072257424	0.6469581002654136	0.4185547834990329	0.506301341589487	10.031552572262536	0.816487509240428	1
10.138918618704519	1.1772207704685207	1.3858487424224977	0.854033777675699	10.206805033897725	1.2921511408322477	1
10.123102639362815	1.2588067588403071	1.5845944561020393	0.9426289275555754	10.200810608464767	1.540148276939778	1
10.001867015320991	0.7503167587937317	0.562975238526731	0.551177738764402	10.029877799906792	0.715972655412731	1
10.257553563393685	1.8762568400610184	3.5203397298757584	1.4336146566563024	10.427176529147284	2.1861890267832162	1
10.286168823436993	2.4085751632051773	5.801234316808846	1.9456810731601126	10.563482661193387	3.588665303191629	1
10.193958393617253	2.588997832196355	6.702909775117426	1.975581143240681	10.516527681384831	3.258785582036241	1
10.383809990323515	2.8347269712001695	8.035677001249686	2.1348990274294466	10.76254206693172	3.2734324197592226	1
10.275444536123203	2.8198526384290634	7.9515689024553495	2.2573465650375524	10.654094773441413	3.853186398293646	1
10.06995457551637	2.6447025823725805	6.994451749208196	2.161647570849536	10.410333524290008	3.6599661609383762	1
10.466130731095054	2.741056726194314	7.513391976215091	2.1780851086404094	10.817959133619734	3.5876775354534107	1
10.30381676297822	2.6119579865266354	6.822324523380275	2.0913731451831	10.628651058655878	3.787894985949782	1
9.92813628096371	2.1288166024896364	4.531860127035519	1.7154481933015018	10.153060816325292	3.0017955045471414	1
10.197164926116445	2.3922048574164276	5.722644079846751	1.858779642549802	10.47309606229218	3.2809288074426153	1
10.28034031459678	2.4224911557037934	5.8684633994631	1.8917399512051456	10.56098308999889	3.2824227636989107	1
10.035682236304567	1.9197666530320971	3.685504002094061	1.5391450416941475	10.217053281197598	2.4997521161378344	1
10.02645797327823	2.1074326675963726	4.441272448452364	1.7152209188475995	10.244821954548486	2.9632891717102083	1
10.198590566801853	2.280024221122065	5.19851044890328	1.8534612648864197	10.449518248704102	3.2838747948384857	1
10.382861534728628	2.3128396134574336	5.349227077577931	1.7705008046582353	10.636503653456808	2.894574231125514	1
10.18133276738283	2.250838617067589	5.066274480082736	1.705200139907762	10.426359859681998	2.639244563916275	1
10.084019962058102	1.7489367065425843	3.0587796034920216	1.3896959937790294	10.234062842618597	2.3792257876320555	1
10.121544526427837	0.9740618672734727	0.9487965212762843	0.7216421660376386	10.168151133154279	0.9485820287514048	1
10.137290817966413	0.7120560990636771	0.5070238882137811	0.5405542593506187	10.162185028402849	0.8586440596830762	0
10.191272996965292	0.6917852320992198	0.4785668073505715	0.5363151980175637	10.21464717370763	0.8424355429599331	0
10.181743414907935	0.49026255982973077	0.24035737757080033	0.37564272718119285	10.193500632919651	0.6203895433040696	0
10.101101927532437	0.38155721654619845	0.14558590949848257	0.30923179378401844	10.108281711077394	0.5252731755563662	0
10.082358285836207	0.33351641544661453	0.11123319937235877	0.2660408270737885	10.087854568041372	0.4746490939581207	0
10.060188135652222	0.2670704977808316	0.07132665078490118	0.20925819150854477	10.063720694653645	0.3495654507362964	0
10.022908344156244	0.20004712542784664	0.0400188523919446	0.15615823838608728	10.024897883507386	0.24372791977865838	0
10.039262603586154	0.35742198845246814	0.12775047782931626	0.26343164756197224	10.045601936502692	0.3498776162465962	0
21.762456659160353	10.269023483498817	105.45284330465016	8.99149207235454	24.048998818893036	17.810438792830958	0
18.36025584259706	3.2574060909196776	10.610694441160614	2.6676518348805223	18.64509103080941	5.580269821908635	0
18.221868575091033	3.355326218541622	11.25821403283282	2.998479578917895	18.526201734081823	6.570423850290528	0
13.340904966721688	2.9169094212765074	8.50836057193165	2.2230201179442908	13.6539878240468	3.553385637795291	0
9.760995801056318	2.0894345765909192	4.365736849853675	1.7567636735087444	9.980664855898146	3.6086232870635637	0
7.704062815467568	1.392590434585626	1.9393081184993823	1.1063702719800328	7.82808809751011	2.1488274749239507	0
6.325196641495771	1.3972554426456767	1.9523227720029661	1.1075999307680249	6.476682780594218	1.838727321990575	0
7.207168759532373	2.4498150945454937	6.001593997462947	2.0378025704473806	7.609524617161877	3.762444353707524	0
10.862286071711358	2.807428385403764	7.881654139170784	2.273373866610951	11.216878731712201	3.8644545440921227	0
14.689606723140384	2.361222992913724	5.575374022264444	2.1091633711146383	14.876920062386814	4.361444869806817	0
17.92265621438993	1.989636806308176	3.958654621016198	1.5151232633652474	18.032023440796088	2.1131634984418	0
17.566877673005745	2.525552429241163	6.3784150728459394	2.145878404614368	17.746297740206025	4.756274131238557	0
14.481891780967795	2.262998181517747	5.12116076955263	1.6445181565495934	14.656473288394384	1.3940435950926489	0
14.50725949269524	2.2921411201818986	5.2539109148287295	1.8078903274764737	14.686029512106375	2.9798018173751633	0
19.674699135744376	4.3584107016902625	18.995743844608203	3.89525064929952	20.14852082993616	7.503369806896632	0
22.50220133893952	3.210481025220309	10.307188413299647	2.361558192101419	22.728562183342113	3.2898223535009024	0
17.725011338863446	5.616332463119635	31.54319033629147	4.706520223934215	18.58787049028354	10.149471159347147	0
10.064588110685673	0.13976490860316487	0.019534229676851034	0.10312661180629741	10.06555527297592	0.15376150539253963	0
10.043726191375658	0.16570334336182882	0.02745759800128814	0.1276156320868777	10.04508844560365	0.20228984358482904	0
10.030274696132793	0.14863887502530437	0.022093515168788054	0.10588856491030059	10.031372306419492	0.13985563294775538	0
10.034571194830626	0.09495513396871925	0.009016477467017421	0.05519125005985584	10.035018957962494	0.07383446761907919	0
9.709941124290996	0.43905761441203134	0.192771588773184	0.34992442329012186	9.719847211656088	0.5831383854662793	1
9.732245388425747	0.5502580370481093	0.3027839073360384	0.46454260998792773	9.747764641297577	0.8583568601525968	1
9.755991339272457	0.5893226505946856	0.3473011865039458	0.49291520911740655	9.773747177461951	0.8528675654505946	1
9.716299934528926	0.5883315994328661	0.3461340708912344	0.48970168502684447	9.734068273550799	0.9005620112741095	1
9.672066675029992	0.6955460401001199	0.48378429389895755	0.5682642919948522	9.697005164896469	1.0503365071915525	1
9.696708150235647	0.814033341659581	0.662650281333464	0.6806196357694387	9.73076378508467	1.3230002285760207	1
9.719348703722726	0.8104664221262653	0.6568558213941497	0.6927398533536901	9.75302852919911	1.3736077461861065	1
9.761254774305824	0.7495950136114342	0.5618926844311262	0.6342564345640468	9.78994975992679	1.2842765263124925	1
9.738505630894402	0.6455154564988583	0.41669020457892947	0.5407215050784928	9.759842620800438	0.9633284653429754	1
9.673595315398481	0.6095302721492393	0.3715271526663257	0.5082551670381542	9.692749029719405	0.9127629725556776	1
9.703310748536314	0.6291782829192598	0.3958653116972281	0.5085368230028687	9.723655862984296	0.9104010200849348	1
9.774780779908731	0.6752608160061787	0.4559771696333303	0.5359835950183628	9.798041273460472	0.9496883878370923	1
9.746614907951233	0.7635618463553803	0.5830266932096373	0.6232525663948302	9.776432683437193	1.1173614283652675	1
9.665405473650933	0.7202412056767791	0.5187473943547404	0.5935334833530704	9.692161772361851	1.060448909787386	1
9.71338153762807	0.600479211546433	0.3605752834994259	0.4925239361724197	9.731895275254523	0.8762092765119363	1
9.77409362787717	0.7670285310199411	0.5883327673986086	0.5978586629740407	9.804096868890415	0.8958191874036228	1
9.710808612864739	0.7527949171618649	0.566700187304739	0.5814390026903504	9.739898428239416	0.963310211155564	1
9.66607403192942	0.55019605403805	0.30271569787904085	0.45421243308413645	9.681695874831735	0.8477364221027752	1
9.711251053786974	0.7023625463062121	0.49331314645374585	0.5695978047875992	9.736578183302022	0.9772740779338065	1
9.781593547324714	0.7807273948711851	0.6095352651023475	0.638795669132158	9.812653187301178	1.2018648388373556	1
9.713256264218996	0.765436441192627	0.585892945505634	0.6332538850586198	9.743321237266759	1.1105230447214662	1
9.688432942611405	0.8016059530982839	0.642572104042608	0.6736990202851828	9.721485908003357	1.2040020683568606	1
9.786234841498585	0.7657590598954025	0.5863869378118907	0.6460037580430726	9.816102524528226	1.177914213181845	1
9.697206424878576	0.7523881704563541	0.5660879590426597	0.6404858596133481	9.726305779102299	1.2599838548324804	1
9.645970007941317	0.7846789091241009	0.6157209904241889	0.6508714594796072	9.677784184884997	1.2140785705865778	1
9.755744138637755	0.7357317820757082	0.5413012551562975	0.595666196744001	9.783404069506156	1.0457721222236174	1
9.838196714561736	0.8184017373701498	0.6697814037304796	0.6507458075972226	9.872123857977378	1.0571429716094372	1
9.740736741648568	0.8371251472197113	0.7007785121076234	0.6596932645512833	9.776585750107436	1.0378347823043939	1
9.696264308497781	0.7115506379344596	0.5063043103449364	0.5715344967058811	9.722296463334695	0.9893531161592239	1
9.730196138229568	0.6516050302402173	0.42458911543435446	0.5384495641250004	9.751955565914752	1.0141167026655058	1
48.15113756210581	0.5131669956544557	0.2633403654290201	0.35639747512772646	48.153853774000574	0.6072153324919753	0
48.21466865828937	0.36754750465406133	0.13509116817742722	0.30323851809843283	48.21606023296617	0.5448216484598234	0
48.169761358760546	0.38049670645017547	0.144777743619431	0.30626991194742664	48.17125410365194	0.5443806630642953	0
48.11681579851401	0.4048647371215275	0.16391545536448354	0.3234822339422465	48.11850772076987	0.5016345749598514	0
48.289637719329555	0.38954984566804246	0.1517490822599957	0.31413431425581617	48.29119845775011	0.5372073573198222	0
48.394138794462954	0.3278979470810943	0.10751706369999614	0.2655378420513402	48.39524222422097	0.4791877910606601	0
48.28890345908839	0.3353743561683895	0.11247595877536179	0.26544635020569374	48.29006029609207	0.4883467467974114	0
48.24258283599716	0.3654187410002096	0.13353085627417827	0.29538908336599723	48.24395754225199	0.5321089215862358	0
48.199506904269015	0.39029270164991725	0.1523283929611913	0.3313877115804096	48.20107653035373	0.6403792469987835	0
48.17483111590639	0.3390309668774752	0.11494199650187567	0.27304022497280617	48.176016115517776	0.5130217276543192	0
47.994381008404524	0.6618597613279334	0.43805834366506907	0.5086389118216122	47.99891401203372	0.8013363392732344	1
46.49293108268189	1.2222900628352504	1.4939929977058006	1.0950912243717588	46.508888115105435	2.3449409007765496	1
44.41194953487116	1.2248321159262157	1.5002137122042907	1.030428227172757	44.42872352178711	1.8542718929453699	1
42.40166719190006	1.2306146019071902	1.5144122984271922	1.0717296792955968	42.41940236341257	2.078077664209772	1
40.7012402745817	0.9281307758629157	0.8614267371038979	0.771029928445336	40.71175068431006	1.3908747942137794	1
39.61571473686319	0.9318527918071456	0.8683496255987715	0.7800861081026654	39.626599838247714	1.3471933296542247	1
40.98272765287357	2.1862993695191415	4.779904933159796	1.8996571219304808	41.04061408860594	3.655244296825451	1
43.7523193063435	1.5255016037873712	2.327155143157842	1.2141980788060451	43.778728687112135	1.8952509035703429	1
44.464979762560844	0.5899401972818397	0.34802943636893596	0.47794951011873704	44.46886702542659	0.8241709316399124	1
44.154017972498266	0.46959637203998766	0.2205207526331185	0.37972810484694236	44.15649843148776	0.6345604568763221	1
44.665760463612735	0.666651430107223	0.4444241292640057	0.5760728713926024	44.67070202151031	1.0735976927215134	1
45.30589790470819	0.37510592245558166	0.14070445306125284	0.29810716172435525	45.30744035338145	0.45958722094049875	1
44.86072795687977	1.0307191820542085	1.0623820322544966	0.8266455554167133	44.87248836766853	1.293928696495648	1
42.843718459022504	1.7826454266203031	3.1778247170502825	1.4972286110479558	42.88054163154801	2.808880250989688	1
40.69410321177198	0.9594793605552718	0.9206006433315532	0.7900293866579015	40.705337481908444	1.5031122193155468	1
39.47624273939166	0.8550375891081735	0.7310892787879179	0.7488952666086003	39.48543979962279	1.4967594706176683	1
40.091404393616955	1.4794249565722042	2.188698202128668	1.2422385294209266	40.11850960757778	2.4080965397385583	1
43.182320589277964	2.1241430379122437	4.511983645511055	1.9708890143903768	43.234184567651106	4.153435913268673	1
44.67588399299598	0.7045275326685285	0.4963590442880045	0.6104466408608272	44.681401729798345	1.1738224989547277	1
44.05711491212215	0.47074707027881246	0.2216028041760852	0.3525451454713332	44.0596130240846	0.6012716816728485	1
44.4313715699804	0.7069910785884657	0.49983638520368195	0.5707043359854108	44.43695853377342	1.0801720185684474	1
45.09162396392732	0.5133247598621845	0.2635023090875694	0.4242607048071637	45.094526245779	0.7721688574629937	1
44.690163159587435	0.9770817829840706	0.9546888106393303	0.7935089464380426	44.700771888739396	1.3496413103751692	1
42.65609237472792	1.7887571887323424	3.199652280241633	1.5520823953966036	42.693331305326375	2.961682269498766	1
40.574247657392064	0.9261495713835328	0.8577530285739016	0.7591996931320294	40.5847459969683	1.4659170213702595	1
39.98493020011575	0.8965502488462067	0.8038023487061953	0.7456714460197863	39.994913261244974	1.368095519981587	1
41.83097139235227	2.1414007056442803	4.585596982133821	1.8805557835360551	41.885381626092176	3.3942703551201205	1
43.79661795061773	0.7754435699769036	0.6013127302185249	0.5817488307820702	43.80343648495007	0.8578010313974715	1
43.90262035119334	0.46675779623092856	0.217862840342353	0.3731907159799204	43.90508494607912	0.6613375314848327	1
44.384156840749604	0.6525386662065534	0.4258067108946278	0.5519978640851838	44.388921438392124	0.9879716112767412	1
45.06077409392732	0.42665690430805053	0.182036113993729	0.34296047897382886	45.06278047883698	0.6257306207460118	1
44.84018018825281	0.9516365165045989	0.9056120595450078	0.7874327829333182	44.85020996562663	1.407627080541772	1
42.70867723569137	1.9922480400725886	3.969052253173071	1.7203611691359257	42.754809122802556	3.2171024993290445	1
40.452607414783905	0.8389368666857919	0.7038150662845742	0.6683505934582007	40.46124775165086	1.0137135003416162	1
39.44077258848802	0.8285309757907363	0.6864635778447498	0.6649232432164759	39.44941608605659	0.9374341223183649	1
40.20499408549918	1.5809367064252575	2.4993608697227407	1.3081116003695403	40.23585773758215	2.4665381623322276	1
43.20467993107105	2.012992922461962	4.05214050588195	1.7729696163715387	43.25123690927389	3.3961837280552274	1
44.472007050149266	0.8027196069011433	0.644358767303526	0.6429360193219337	44.47920271442277	1.09048026306899	1
43.8574150982873	0.4024168512253249	0.16193932215010529	0.3217052721554086	43.859248954241664	0.5801614721895945	1
44.38450652244827	0.7742296750594355	0.5994315897426391	0.6688570923436084	44.39121370970158	1.3386961180378734	1
45.444507771275475	0.6169301827405655	0.38060285037630753	0.5022753862044362	45.4486672199698	0.8262239523252859	1
46.26241757234653	0.6521422008914678	0.4252894501835675	0.5416992727450465	46.26698319347545	0.9793890328861394	1
50.1564815105689	0.0	0.0	0.0	50.1564815105689	0.0	0
45.90718554772055	0.49372970102909297	0.24376901767827752	0.38389589809142016	45.90982279211864	0.6534185891439179	0
45.99424221874621	0.4711568487690425	0.2219887761419744	0.3731664063071383	45.99663929166634	0.6242579043261998	0
45.802334534787214	0.4481584922572814	0.20084603418231975	0.36228056021448307	45.80451239667532	0.6136503488238958	0
45.69603508304461	0.3714484922580544	0.13797398240078187	0.3096640655904969	45.69753468696859	0.6013577822562368	0
45.7944927590254	0.37567984766619267	0.14113534794249374	0.29935867743705685	45.79602342455131	0.5169962176895453	0
45.695796255361074	0.43093904247570647	0.18570845832987876	0.344667765140384	45.6978146721855	0.5745991526235628	0
45.61111299326982	0.420688761134188	0.1769790337446179	0.3289113848798698	45.61304010541664	0.5075997852085692	0
45.745734059350816	0.45183683716935374	0.2041565274232051	0.3579441086227206	45.747950556421166	0.6505395683714426	0
45.78139985131535	0.42793792190681473	0.18313086500592304	0.34058787409784635	45.783386532000755	0.6185519564129507	0
45.72065245917051	0.425898345571499	0.18138940076054	0.3334094516302095	45.72262286254303	0.5922209745811529	0
45.83592398561344	0.41217207360344754	0.16988581825856577	0.31232089013375575	45.837764789102344	0.4886838232949131	0
45.90726221318293	0.3616930266714984	0.13082184554278925	0.2823468348392332	45.90867754150449	0.46227394582349746	0
46.0087176137242	0.4485933132903248	0.20123596072879152	0.36362206952159437	46.01088991583483	0.6505731235825607	0
46.23204838580428	0.49201599981185057	0.24207974407085495	0.39607632408058546	46.234648953208875	0.6978015632367374	0
45.90697340888197	0.9950638662262411	0.9901520978691147	0.8071599289768931	45.9176845958905	1.3058235157283988	1
44.25110762024173	1.3598093823717299	1.8490815563861858	1.129828557136296	44.271856522673936	2.2509665576718305	1
42.82628214728441	0.9490144750135681	0.9006284737852781	0.7616320311932077	42.83672567835655	1.3430575373963336	1
43.46338984386733	1.6268916451717788	2.6467764251297368	1.206508822754683	43.49362468188817	1.4754044992122388	1
46.92444783438209	2.706473890336498	7.3250009190731795	2.497585018263366	47.001914558252395	5.622207368966841	1
50.640116785765635	1.9590508692300639	3.837880308231069	1.5337070999125348	50.677743857787235	1.9981118980592925	1
55.13305464827414	3.957138785876867	15.658947370691047	3.2195913372539797	55.27393842705442	5.531098380343195	1
63.039634344261614	5.2816019374712475	27.89531902590004	4.805334668580642	63.25902977829016	10.346286317707907	1
64.14021286745576	4.272016631451951	18.250126099402074	3.733874380133806	64.28137650419919	6.957859867543519	1
57.358457882109974	3.6975070039970754	13.67155804460743	3.222220622387292	57.476717938119016	6.438683459922579	1
41.5859987904793	3.3367878274048017	11.134153005116858	2.944833294404254	41.71876341312337	6.531458211057455	1
38.6559644090492	1.0613243392302607	1.1264093530425496	0.7710772827004626	38.67043424052843	1.1020525994924029	1
38.75770653956728	0.7834169037212348	0.6137420450361666	0.6231738352446704	38.76557063476068	1.0532826072330153	1
41.45702817855054	2.5853686952447585	6.684131290351585	2.3226161547065134	41.537028731148006	4.7125557691572055	1
45.04913330857953	1.6686666764469544	2.7844484770845246	1.3776515100423812	45.079821398730125	2.46346845103632	1
46.3592497443014	0.7867698010200943	0.6190067197971988	0.6026261657622904	46.36588095639769	0.935082587983878	1
46.722279081885105	1.078526274035172	1.1632189237841908	0.9059917334505019	46.73464268330845	1.591256880505675	1
45.552154216029464	1.9053638110496758	3.6304112524577445	1.534892108693663	45.591720325424276	2.3508688773731095	1
42.35340721346888	2.0418167170791413	4.169015506143841	1.7841201899533325	42.402267918819554	3.5912001627480947	1
40.04322725408486	1.011436577376589	1.0230039500552686	0.8587995923685334	40.0559138311187	1.5789097371370246	1
39.418054239152816	0.5693755511829407	0.3241885182848775	0.45507013715754513	39.422138796142065	0.7630701563085793	1
39.68833419868885	0.6994685971415299	0.4892563183871398	0.5564268324567189	39.69445636454054	0.8734776238182889	1
40.61802950771138	0.8995313150440903	0.8091565867449505	0.7570111729490504	40.6279224585606	1.418294788118473	1
41.53517544510183	0.674722568899796	0.4552505449827399	0.5512384013008141	41.54061885428213	0.9529303048684383	1
40.68145711517361	1.372530841235328	1.8838409101421574	1.2003747184416993	40.70444981797999	2.4438287515216217	1
39.48565044858255	1.1302969065719777	1.2775710970061822	0.9303609343380814	39.50171699184741	1.736449617313454	1
41.322208802823376	2.257468370434197	5.096163443510828	1.9934625882959283	41.383416115210785	4.308188955205296	1
42.21555912554764	1.331223090285043	1.7721549161080599	1.1201445281748366	42.236403407873276	2.2132388813265464	1
41.52954965602066	0.6606699241469632	0.4364847486723542	0.5290469961184137	41.53476940446683	0.9950301548537794	1
42.21592862122503	0.581718924614272	0.33839690725438504	0.4750184923521683	42.21990964320316	0.8886610212114121	1
41.81064105865643	1.2569336701513787	1.579882251160215	1.0173728844053505	41.82940419655324	1.7370014251113588	1
39.445926100464135	1.935711316566268	3.746978301082715	1.7055765248131263	39.4930764105434	3.2218257413250626	1
37.557993614886925	0.9318004552478388	0.8682520884000797	0.7672975423735511	37.56947362044125	1.4347093495018726	1
39.95259548118246	3.0264570437183895	9.159442237472655	2.7338574271371474	40.0662983687316	5.635434647814947	1
44.29659466190755	2.0886028239750507	4.362261756316556	1.7518030681701915	44.34547867204289	3.14957173553352	1
46.11414921880594	0.6015812351268076	0.36189998245669536	0.4833828103110915	46.11804685250891	0.8158384355486632	1
45.86830845891759	0.9678494014918446	0.9367324639681218	0.8030643723916349	45.87845037120681	1.4692932050193903	1
43.978150443849046	1.863517834445915	3.4726987192979926	1.5662899200013332	44.017351849654965	3.120241222766282	1
41.13229806921182	1.6066803353140762	2.5814216998849524	1.3693444870220237	41.163456568616446	2.5149558797262728	1
39.4310470860522	0.634054797294864	0.40202548597263116	0.5405615557809703	39.43611060460365	1.0749757910680344	1
39.17960483237402	0.5193411019951002	0.2697151802214851	0.42404478629645437	39.18302377178164	0.7137321098283707	1
39.888778745160955	0.8930884217210597	0.7976069290122134	0.7252722454135215	39.8987087426384	1.2487367923464276	1
41.396668649952716	1.1222466279253593	1.25943749388984	0.9510331205327223	41.41177630285748	1.8172045834525576	1
40.953200592256685	1.5451472303636702	2.3874799635005206	1.3695169809856085	40.98214491922091	2.8748453885847596	1
39.48924746198876	0.9784896820827289	0.9574420579423598	0.8116142176320339	39.50128762743153	1.316303453919815	1
41.48694571253863	2.3710849759737838	5.622043963288598	2.1414340083907963	41.55419627697457	4.581839920859139	1
42.404053379258734	1.5629079403991741	2.4426812301627887	1.3845961368320925	42.43265416727609	2.73197963781422	1
41.16213985332139	0.7913864309230138	0.6262924830490659	0.633502135546874	41.16969607009769	1.129334066740448	1
42.21010086029985	1.2439655184424794	1.5474502110738664	1.0975626487395111	42.22830506322767	2.207597763459219	1
42.45687472773563	1.4064106966883594	1.9779910477594367	1.0892421872808788	42.48000725149903	1.1681316072838186	1
40.21804241159966	1.7944266492773342	3.219966999636681	1.5685728664055996	40.25778727121253	3.5888454410745467	1
39.15746781905392	0.9448409302373639	0.8927243834518073	0.7172243242658237	39.16878934672101	1.0822921185245775	1
41.82190456908371	2.619408491146527	6.861300843490525	2.330878848338851	41.903308468704616	5.105175617857313	1
45.20983903040832	1.3961343993981057	1.9491912611827094	1.1903305202369745	45.23124740495454	1.9722098666861143	1
46.35268144720255	0.6918650638273147	0.4786772665447742	0.5201843329027381	46.35781016647146	0.7647640342099962	1
46.15172527927453	0.9666992870500078	0.9345075115829935	0.7850594572231746	46.16178098508694	1.4033158702371793	1
43.916284295023715	2.211529248147439	4.890861615411578	1.9601181643862742	43.97156219822825	3.521791546346499	1
40.98995610191363	1.3506889418316683	1.8243606175863518	1.1464589368494202	41.01205553797901	2.3086429169036435	1
39.846117729672365	0.7443224076913719	0.554015846591481	0.638444205600842	39.85302272769939	1.218813502387917	1
39.79478599783034	0.7310314365232081	0.5344069611851853	0.598088370778983	39.80145521034657	1.1370881518951919	1
41.01118616300878	1.363426587753038	1.8589320601918926	1.1448465926949671	41.033692615663455	2.1610526699309958	1
44.52788403700955	2.6617455704860733	7.084889482002232	2.4200097580338458	44.60683931527569	5.549040220490845	1
47.93703370982546	1.378827052069472	1.9011640395185905	1.095446715736185	47.95672727062943	1.4526423210997876	1
48.48323440618702	0.8017195906398871	0.6427543020157881	0.596863357180545	48.489818392716366	0.714239694912024	1
46.93512197969741	1.3541035838923625	1.8335965159101406	1.1600767476288618	46.95452105802181	2.4351966581826545	1
44.63526347638664	1.4382674910032183	2.0686133756766925	1.232071208086221	44.65827547304412	2.465189240710629	1
42.40953593949916	1.2920934800916004	1.6695055612952232	1.0673234037088264	42.42908335243517	2.086403600863669	1
40.60597845244847	1.0206664693021406	1.0417600415576975	0.8509964749236384	40.6187186043002	1.4457866321716182	1
40.71634034482524	1.305609962620718	1.7046173744944726	1.061520845654805	40.73712832704716	1.8081836859802323	1
43.00411838530957	1.7224773639939868	2.966928269471673	1.4755636581753673	43.03837063418405	2.7492952153065815	1
44.97999357979373	0.8795375208187681	0.773586250528025	0.7544299131547529	44.988534666591924	1.5113630221256358	1
45.7496277654439	0.6025563584338142	0.3630741650890192	0.4630025924916937	45.75356919790335	0.7394978535853696	1
46.180399984534546	0.5577969879272453	0.3111374797407075	0.46266610633717675	46.18374612308398	0.8536774364322142	1
46.56860574275255	0.4814543954990432	0.2317983349453491	0.39846707172622003	46.57107786852951	0.7342343709061794	1
47.32452568744139	0.8505991307690436	0.7235188812650526	0.7089580251457577	47.332118344347904	1.3424500566512876	1
48.0918963074444	0.6310094747577941	0.39817295723410717	0.4839993451414003	48.09600824306352	0.7900617977066418	1
47.03219691487759	1.474178199636814	2.173201364284438	1.3101333665032822	47.05514063303827	2.7812613193163997	1
44.71935574896914	1.4453573546676242	2.089057882691792	1.1383408704571352	44.7425514408041	1.7363635080927935	1
41.90511079957306	1.992160293407598	3.968702634629847	1.7803773123294748	41.952122184003514	3.834149194578579	1
39.49124280756722	1.1133543839591926	1.2395579842811535	0.8538205478254637	39.50682919130079	1.3317555113469766	1
41.015795077412456	2.5574401763841976	6.540500255784036	2.3229975742540194	41.09491869748665	5.088836447952119	1
42.39928492191688	1.7279721050901806	2.98588759596979	1.5086717009925132	42.43424729588767	3.059551584508746	1
41.23774124701828	1.1491003566791393	1.3204316297201255	0.9125903233433296	41.253641438159384	1.4887363855693962	1
41.772868082288376	1.1130906278188093	1.238970745738071	0.9142718681505819	41.78759647025697	1.5776718682851154	1
42.05470139428506	1.1773143511757578	1.3860690814843954	0.93235001888161	42.07106770672005	1.3053632619500348	1
39.93983833857288	1.8487031033262409	3.4177031642480737	1.6275149469861085	39.9823161533674	3.463531838327029	1
38.62417438932462	0.7032955008690711	0.49462456154267764	0.5538809347750951	38.63053422257355	0.892288075201634	1
41.243568386477946	2.651947982447071	7.032828101605091	2.411234932012987	41.32817290700148	5.443743438233454	1
44.670028330769405	1.4254019991298377	2.0317708591233377	1.0991711252312908	44.69261300026889	1.3687012613792717	1
45.50789945477775	0.5763161691885934	0.3321403268682155	0.4389222883836101	45.51152424215414	0.6578436790758531	1
44.080675128397	1.425673587159856	2.0325451771252516	1.2606674070654114	44.103570316372604	2.744280407028569	1
41.34341752217998	1.667619846552728	2.7809559526165444	1.5045470528918368	41.376812209975334	2.924645661270503	1
39.50323177098651	0.667478569571676	0.4455276408374507	0.5280131737305835	39.50883290871604	0.7766336100507303	1
39.12666076399725	0.43200039001284585	0.18662433697125094	0.3363129202231247	39.12902966744316	0.5351895526788226	1
40.09291284988242	1.1671888882263628	1.3623299007990928	1.0353962652344708	40.10978569488656	1.9475741880393969	1
43.20013861282482	2.4044072457160253	5.781174203251723	2.13519967700923	43.266553008174526	4.374280402598835	1
46.88030155483302	1.9123090674372454	3.6569259694027068	1.6388093842905642	46.919028339630174	3.0613259749549684	1
48.48850167777908	0.5045982934774211	0.2546194377803256	0.40978266438043565	48.49110966899855	0.6974352501094074	1
47.37697334200579	1.2970526168447378	1.682345490863782	1.165190022086831	47.39460658032077	2.457850797635743	1
45.26050483206081	1.2692812754704168	1.611074956259808	1.0804861492613949	45.278180530025175	1.934133148639134	1
43.06256432573705	1.4728092716930157	2.169167150784911	1.2685703618872206	43.087575382524	2.2950104418768262	1
40.65587911465254	1.3642542680715597	1.8611897079514668	1.1952011259003792	40.678609715202974	2.643719648984302	1
40.23183026747212	1.1997977438590137	1.4395146261691796	1.0152584984793998	40.24959732137305	2.0277165978343916	1
43.1663121027898	2.509685941229683	6.298523523605919	2.226747171516768	43.238721464935104	4.489144353621832	1
45.5067571492176	1.0334321922867695	1.0679820960546385	0.7605530258793518	45.518411752314925	1.0744976402180058	1
45.64797655284205	0.4772912323875084	0.22780692051398657	0.38244248008124787	45.650455108098626	0.6699590048072395	1
45.89242929691025	0.6066753321730355	0.3680549586672629	0.4836366803753513	45.89641236557439	0.7576714114686922	1
46.493178549165016	0.6696806948918812	0.4484722331108729	0.5267257253212745	46.49796913869209	0.7929764881839816	1
46.93790802191735	0.6082401472466518	0.3699560767226286	0.5144520782665047	46.941822495263736	0.9521819922593266	1
47.63841554931683	0.8855666035766698	0.7842282093703188	0.6952251425726331	47.64659102255586	1.081365790717328	1
47.65434798025975	1.1478880346537688	1.317646940101292	0.9062600053565454	47.66807887938064	1.338743223031571	1
45.84383521596858	1.6150207461229082	2.6082920104073954	1.4013700070318234	45.87208443820582	2.6148067069507306	1
43.02802870069475	1.8646190744880726	3.476804292944757	1.5968462857461911	43.06814228017584	2.7278346304683154	1
40.04981165053317	1.7166566734989408	2.9469101346684488	1.4575638597894107	40.08634028332203	3.1299404944633054	1
40.15567852595514	2.1066528573833336	4.437986261521365	1.7271196872054744	40.210532420826	2.84240217728847	1
41.61756526790757	1.5693151672081753	2.4627500940296234	1.2544974023948612	41.646945513310044	2.1471039348533196	1
41.906029403774596	0.9806963697973082	0.9617653697336188	0.8407989410070843	41.91742661460294	1.6330306252738183	1
43.332729305361994	1.35316808980733	1.8310638792728182	1.144424137083633	43.353711327157704	2.184171364020173	1
44.386783711922305	1.0663921240243	1.137192162181058	0.8359270951989826	44.3995065194431	1.4019725928862954	1
36.128776607773	5.302165368913701	28.112957599307766	4.733017636899643	36.513203598922196	11.311020156966517	0
37.88335001997495	3.02386972272526	9.14378810001454	2.429716529142472	38.00303985536706	4.028601513171665	0
34.179844012977135	2.0197814716195315	4.07951719309756	1.7401746030503895	34.23907208385266	3.6508988350114535	0
33.78571561678514	1.167462372061552	1.362968390179586	0.9906828561558132	33.805745986038	1.7414607542046383	0
34.419144362129444	0.7501546436953728	0.5627319894577316	0.6062881316316966	34.427263601163084	0.9448286405150768	0
9.697459378524796	0.0626279152162519	0.003922255764334036	0.05012796222782879	9.697661316960806	0.08334720168255316	0
9.692963258711854	0.055135692223481345	0.0030399445569624615	0.04405950850036746	9.693119842442568	0.07403112532698408	0
9.695076557912696	0.05194676185239948	0.0026984660669499057	0.0416511804028708	9.695215519085837	0.07144163015478355	0
9.697599621391955	0.05165949695904974	0.0026687036260620695	0.0409974963782851	9.697737015640808	0.06748136360395307	0
9.69548468230309	0.05274369351639518	0.002781897205751427	0.04262694471748087	9.69562793350329	0.07149408475887498	0
9.693086104066635	0.07216949271462161	0.005208435678685823	0.05462894347676422	9.693354375703622	0.0835324952631975	0
9.69138329994806	0.07547438755342864	0.005696383176565144	0.05742486313312692	9.691676758645068	0.09199882496310963	0
9.695187364998123	0.06803847917524071	0.004629234648479664	0.054398489710144604	9.695425756359308	0.09615569196367524	0
9.692885036916444	0.06518283569801019	0.004248802069633791	0.05185100028641481	9.693103887984705	0.0847072383113705	0
9.69092397315504	0.05564260157864116	0.0030960991104394	0.04474950954563437	9.691083480846128	0.07368046695697394	0
9.693773336547036	0.05973211216714489	0.0035679252239483785	0.04711722605814241	9.693957098343118	0.07409707262958953	0
9.692268127231696	0.056022194590344035	0.003138486286718373	0.043308951031824396	9.692429795530627	0.06924095601092439	0
9.692607503587219	0.04645565110825202	0.002158127519891637	0.03745153131041064	9.692718669430981	0.0642988237955997	0
9.691864284700776	0.05296233339396805	0.0028050087585338233	0.042656520804307076	9.692008780892687	0.07271689278547377	0
9.689002050752231	0.05805377299412829	0.0033702405588537793	0.04695127860972749	9.68917571473866	0.07785377786244574	0
9.69333802475022	0.05645387201396322	0.0031870396653689397	0.04528531081100472	9.69350217702062	0.07081432073338512	0
9.694759480531065	0.047050885026709025	0.0022137857817965912	0.03701747332160097	9.694873488503447	0.0593604132366945	0
9.69410090805401	0.044510951818015926	0.001981224831745735	0.035912518306351095	9.694202946341571	0.06242288446543398	0
9.696193157659492	0.048117122263365265	0.0023152574549076413	0.03821883128545754	9.696312371117836	0.061582630460174315	0
9.694311346663964	0.0636181828906988	0.004047273194314402	0.04846791683369543	9.694519783095696	0.07163386439056652	0
